{
  "precision@5": 0.0928,
  "precision@10": 0.09220000000000002,
  "recall@5": 0.04072501105373567,
  "recall@10": 0.07555807051471207,
  "ndcg@5": 0.09448639709921877,
  "ndcg@10": 0.10480749836307479,
  "map@5": 0.048573333333333336,
  "map@10": 0.041586009070294784
}